{"train/policy_gradient_loss":-0.006686562,"_step":15,"train/explained_variance":0.004044473,"time/fps":103,"train/clip_fraction":0,"train/std":0.99696785,"train/loss":0.092816785,"train/entropy_loss":-1.4175813,"train/approx_kl":0.0006327861,"_timestamp":1.742551631595289e+09,"train/value_loss":0.32319385,"train/clip_range":0.2,"rollout/ep_len_mean":3,"_wandb":{"runtime":4},"_runtime":4.569942395,"train/learning_rate":0.0003,"global_step":288,"rollout/ep_rew_mean":-0.5524463}