{"train/learning_rate":0.0003,"train/explained_variance":0.004044473,"time/fps":99,"_timestamp":1.7429870926185555e+09,"_wandb":{"runtime":4},"train/loss":0.092816785,"rollout/ep_rew_mean":-0.5524463,"global_step":288,"train/policy_gradient_loss":-0.006686562,"train/approx_kl":0.0006327861,"train/clip_fraction":0,"rollout/ep_len_mean":3,"_runtime":4.651630362,"_step":15,"train/value_loss":0.32319385,"train/clip_range":0.2,"train/std":0.99696785,"train/entropy_loss":-1.4175813}