{"_wandb":{"runtime":7},"_step":41,"_runtime":7.458264822,"rollout/ep_len_mean":3,"time/fps":100,"train/loss":-0.011218322,"train/learning_rate":0.0003,"train/clip_fraction":0,"rollout/ep_rew_mean":-0.5061432,"train/approx_kl":0.0017907715,"_timestamp":1.7429775672647793e+09,"global_step":576,"train/entropy_loss":-1.4110618,"train/explained_variance":-0.0018101931,"train/clip_range":0.2,"train/std":0.9901456,"train/value_loss":0.04410098,"train/policy_gradient_loss":-0.01454725}