{"train/learning_rate":0.0003,"rollout/ep_len_mean":3,"_timestamp":1.7429987959216154e+09,"train/entropy_loss":-1.4175813,"time/fps":99,"train/policy_gradient_loss":-0.006686562,"_step":15,"train/explained_variance":0.004044473,"global_step":288,"train/std":0.99696785,"train/clip_fraction":0,"rollout/ep_rew_mean":-0.5524463,"_wandb":{"runtime":4},"train/clip_range":0.2,"train/value_loss":0.32319385,"_runtime":4.699378622,"train/loss":0.092816785,"train/approx_kl":0.0006327861}