{"train/std":0.9902056,"train/clip_range":0.2,"train/learning_rate":0.0003,"rollout/ep_rew_mean":-0.48138037,"global_step":576,"train/policy_gradient_loss":-0.016164295,"_wandb":{"runtime":7},"train/clip_fraction":0,"train/explained_variance":0.009732485,"train/entropy_loss":-1.4110795,"train/value_loss":0.044671737,"time/fps":167,"_timestamp":1.7425724847925124e+09,"train/loss":-0.01550048,"_runtime":7.273540123,"train/approx_kl":0.0023229932,"_step":64,"rollout/ep_len_mean":3}