{"train/entropy_loss":-1.4110814,"train/clip_range":0.2,"train/learning_rate":0.0003,"_wandb":{"runtime":4},"_step":15,"time/fps":99,"rollout/ep_rew_mean":-0.48141375,"_timestamp":1.7429838012588923e+09,"_runtime":4.669297133,"train/std":0.9902107,"train/value_loss":0.04485722,"rollout/ep_len_mean":3,"train/loss":-0.0155334305,"global_step":576,"train/clip_fraction":0,"train/policy_gradient_loss":-0.01622277,"train/explained_variance":0.008316219,"train/approx_kl":0.0023243655}