{"train/value_loss":0.04410098,"_wandb":{"runtime":7},"train/clip_fraction":0,"train/explained_variance":-0.0018101931,"_timestamp":1.7429778602337356e+09,"_runtime":7.237256354,"rollout/ep_rew_mean":-0.5061432,"train/clip_range":0.2,"train/std":0.9901456,"rollout/ep_len_mean":3,"time/fps":104,"global_step":576,"train/learning_rate":0.0003,"train/approx_kl":0.0017907715,"train/policy_gradient_loss":-0.01454725,"train/loss":-0.011218322,"_step":41,"train/entropy_loss":-1.4110618}