{"_step":15,"train/entropy_loss":-1.4175813,"train/loss":0.092816785,"rollout/ep_len_mean":3,"rollout/ep_rew_mean":-0.5524463,"train/approx_kl":0.0006327861,"train/learning_rate":0.0003,"_timestamp":1.7425464268590472e+09,"train/std":0.99696785,"train/explained_variance":0.004044473,"train/clip_range":0.2,"train/value_loss":0.32319385,"train/clip_fraction":0,"train/policy_gradient_loss":-0.006686562,"global_step":288,"time/fps":107,"_runtime":4.447306244,"_wandb":{"runtime":4}}