{"train/clip_range":0.2,"_step":41,"_wandb":{"runtime":17},"train/loss":-0.011218322,"train/learning_rate":0.0003,"rollout/ep_rew_mean":-0.5061432,"train/value_loss":0.04410098,"train/entropy_loss":-1.4110618,"time/fps":103,"train/explained_variance":-0.0018101931,"_runtime":17.072927911,"global_step":576,"train/approx_kl":0.0017907715,"train/clip_fraction":0,"train/std":0.9901456,"_timestamp":1.741730834109126e+09,"train/policy_gradient_loss":-0.01454725,"rollout/ep_len_mean":3}