{"train/learning_rate":0.0003,"train/explained_variance":0.001087606,"train/clip_fraction":0,"_timestamp":1.7433650144525537e+09,"rollout/ep_rew_mean":-0.5071844,"_wandb":{"runtime":17},"global_step":864,"rollout/ep_len_mean":3,"train/entropy_loss":-1.4144541,"train/clip_range":0.2,"_step":28,"train/loss":0.014221959,"time/fps":152,"train/std":0.9937003,"train/policy_gradient_loss":-0.01036106,"_runtime":17.581248995,"train/value_loss":0.12385939,"train/approx_kl":0.0010940271}