{"rollout/ep_len_mean":3,"_wandb":{"runtime":16},"global_step":864,"train/approx_kl":0.0010940271,"train/learning_rate":0.0003,"train/clip_fraction":0,"train/entropy_loss":-1.4144541,"train/value_loss":0.12385939,"train/std":0.9937003,"_timestamp":1.7433649248319273e+09,"time/fps":180,"train/loss":0.014221959,"rollout/ep_rew_mean":-0.5071844,"_step":28,"train/clip_range":0.2,"train/explained_variance":0.001087606,"train/policy_gradient_loss":-0.01036106,"_runtime":16.785986235}