{"train/loss":-0.006376302,"train/std":0.99015266,"global_step":576,"_wandb":{"runtime":4},"train/policy_gradient_loss":-0.011643456,"train/explained_variance":-0.007713437,"train/learning_rate":0.0003,"_runtime":4.854421376,"train/entropy_loss":-1.4110606,"rollout/ep_len_mean":3,"train/value_loss":0.04518566,"train/clip_fraction":0.0020833334,"_step":15,"train/clip_range":0.2,"rollout/ep_rew_mean":-0.5066569,"_timestamp":1.7430006386204019e+09,"time/fps":95,"train/approx_kl":0.0020292236}