{"_timestamp":1.7433684910828428e+09,"_runtime":15.551424064999999,"train/loss":0.084839836,"time/fps":162,"train/entropy_loss":-1.4175817,"train/clip_fraction":0,"train/approx_kl":0.000580738,"train/policy_gradient_loss":-0.007944478,"global_step":576,"_step":15,"train/explained_variance":-0.00032103062,"train/clip_range":0.2,"rollout/ep_len_mean":3,"rollout/ep_rew_mean":-0.54514825,"train/value_loss":0.3088735,"_wandb":{"runtime":15},"train/learning_rate":0.0003,"train/std":0.9969674}