{"train/clip_fraction":0,"train/approx_kl":0.000580738,"train/learning_rate":0.0003,"train/value_loss":0.3088735,"train/explained_variance":-0.00032103062,"train/std":0.9969674,"_step":15,"train/loss":0.084839836,"train/clip_range":0.2,"rollout/ep_rew_mean":-0.54514825,"global_step":576,"_timestamp":1.7433635234638567e+09,"train/policy_gradient_loss":-0.007944478,"train/entropy_loss":-1.4175817,"time/fps":133,"_runtime":16.278730795,"_wandb":{"runtime":16},"rollout/ep_len_mean":3}