{"time/fps":103,"train/approx_kl":0.0006327861,"train/std":0.99696785,"train/clip_fraction":0,"train/policy_gradient_loss":-0.006686562,"rollout/ep_len_mean":3,"train/explained_variance":0.004044473,"_wandb":{"runtime":4},"train/learning_rate":0.0003,"train/clip_range":0.2,"train/entropy_loss":-1.4175813,"_runtime":4.673888636,"train/value_loss":0.32319385,"train/loss":0.092816785,"_timestamp":1.742572615476524e+09,"global_step":288,"_step":15,"rollout/ep_rew_mean":-0.5524463}