{"train/value_loss":0.32319385,"global_step":288,"_runtime":4.627074653,"train/approx_kl":0.0006327861,"train/entropy_loss":-1.4175813,"train/explained_variance":0.004044473,"time/fps":100,"train/loss":0.092816785,"_wandb":{"runtime":4},"_timestamp":1.7429966527624047e+09,"rollout/ep_len_mean":3,"train/learning_rate":0.0003,"train/policy_gradient_loss":-0.006686562,"train/clip_range":0.2,"rollout/ep_rew_mean":-0.5524463,"_step":15,"train/clip_fraction":0,"train/std":0.99696785}