{"train/approx_kl":0.0006327861,"train/std":0.99696785,"train/learning_rate":0.0003,"rollout/ep_rew_mean":-0.5524463,"train/explained_variance":0.004044473,"_timestamp":1.7425064457127874e+09,"train/value_loss":0.32319385,"time/fps":103,"train/policy_gradient_loss":-0.006686562,"train/entropy_loss":-1.4175813,"train/clip_range":0.2,"rollout/ep_len_mean":3,"_step":15,"_runtime":4.557440671,"global_step":288,"train/loss":0.092816785,"_wandb":{"runtime":4},"train/clip_fraction":0}