{"train/loss":0.092816785,"train/approx_kl":0.0006327861,"rollout/ep_len_mean":3,"time/fps":103,"train/learning_rate":0.0003,"train/clip_range":0.2,"_wandb":{"runtime":4},"train/clip_fraction":0,"train/policy_gradient_loss":-0.006686562,"train/explained_variance":0.004044473,"train/entropy_loss":-1.4175813,"train/value_loss":0.32319385,"_timestamp":1.7425466004916952e+09,"rollout/ep_rew_mean":-0.5524463,"_runtime":4.538161873,"_step":15,"train/std":0.99696785,"global_step":288}