{"train/policy_gradient_loss":-0.026290981,"train/value_loss":0.038159937,"rollout/ep_len_mean":3,"train/learning_rate":0.0003,"train/std":0.98636466,"_timestamp":1.7429789647046423e+09,"train/approx_kl":0.006187767,"rollout/ep_rew_mean":-0.42302713,"train/clip_fraction":0.013888889,"_runtime":4.554830889,"_wandb":{"runtime":4},"_step":15,"train/entropy_loss":-1.4067968,"time/fps":103,"train/clip_range":0.2,"global_step":864,"train/explained_variance":-0.005994439,"train/loss":-0.034010906}