{"_runtime":13.510507273,"_step":2,"rollout/ep_len_mean":3,"rollout/ep_rew_mean":-0.56021994,"time/fps":187,"_wandb":{"runtime":13},"global_step":288,"_timestamp":1.7432660065486758e+09}