{"_step":15,"train/std":0.99015266,"train/entropy_loss":-1.4110606,"global_step":576,"_wandb":{"runtime":4},"train/approx_kl":0.0020292236,"train/clip_range":0.2,"_timestamp":1.7429791587172315e+09,"rollout/ep_len_mean":3,"train/value_loss":0.04518566,"train/learning_rate":0.0003,"_runtime":4.586636434,"train/explained_variance":-0.007713437,"train/policy_gradient_loss":-0.011643456,"rollout/ep_rew_mean":-0.5066569,"train/clip_fraction":0.0020833334,"train/loss":-0.006376302,"time/fps":102}