{"rollout/ep_rew_mean":-0.5071844,"_timestamp":1.743365691134624e+09,"_wandb":{"runtime":17},"train/approx_kl":0.0010940271,"train/explained_variance":0.001087606,"train/value_loss":0.12385939,"train/entropy_loss":-1.4144541,"global_step":864,"train/learning_rate":0.0003,"train/std":0.9937003,"train/policy_gradient_loss":-0.01036106,"train/loss":0.014221959,"rollout/ep_len_mean":3,"time/fps":171,"train/clip_fraction":0,"train/clip_range":0.2,"_runtime":17.203178694,"_step":28}