{"train/loss":-0.0036859103,"rollout/ep_len_mean":3,"time/fps":150,"train/explained_variance":-0.019122958,"_step":15,"train/learning_rate":0.0003,"train/clip_fraction":0,"global_step":1152,"_runtime":15.539832453,"rollout/ep_rew_mean":-0.40801495,"_wandb":{"runtime":15},"train/clip_range":0.2,"train/entropy_loss":-1.4120187,"train/policy_gradient_loss":-0.01223855,"train/std":0.9913568,"_timestamp":1.7415556140679667e+09,"train/value_loss":0.04097028,"train/approx_kl":0.0015569644}