{"train/entropy_loss":-1.3995888,"global_step":1152,"train/std":0.97861904,"train/explained_variance":-0.053806186,"train/clip_range":0.2,"train/loss":-0.042045634,"train/policy_gradient_loss":-0.028981881,"_runtime":4.965454457,"train/value_loss":0.023353886,"rollout/ep_len_mean":3,"_step":15,"rollout/ep_rew_mean":-0.3335958,"train/approx_kl":0.010917813,"_wandb":{"runtime":4},"train/learning_rate":0.0003,"time/fps":92,"train/clip_fraction":0.036111113,"_timestamp":1.7430061128063202e+09}