{"train/learning_rate":0.0003,"global_step":864,"train/value_loss":0.12385939,"_runtime":16.985968553,"train/policy_gradient_loss":-0.01036106,"train/entropy_loss":-1.4144541,"train/clip_fraction":0,"time/fps":173,"train/loss":0.014221959,"train/explained_variance":0.001087606,"train/std":0.9937003,"rollout/ep_rew_mean":-0.5071844,"_timestamp":1.743365255627033e+09,"train/approx_kl":0.0010940271,"_wandb":{"runtime":16},"train/clip_range":0.2,"_step":28,"rollout/ep_len_mean":3}