{"train/loss":0.084839836,"time/fps":182,"train/entropy_loss":-1.4175817,"_timestamp":1.7433637241519277e+09,"train/learning_rate":0.0003,"train/approx_kl":0.000580738,"_step":15,"_runtime":15.18707697,"train/explained_variance":-0.00032103062,"global_step":576,"train/clip_range":0.2,"_wandb":{"runtime":15},"train/value_loss":0.3088735,"rollout/ep_rew_mean":-0.54514825,"train/std":0.9969674,"rollout/ep_len_mean":3,"train/policy_gradient_loss":-0.007944478,"train/clip_fraction":0}