{"global_step":288,"train/clip_fraction":0,"_timestamp":1.7425059684642136e+09,"_runtime":4.717219268,"train/clip_range":0.2,"train/learning_rate":0.0003,"train/approx_kl":0.0006327861,"_step":15,"train/policy_gradient_loss":-0.006686562,"train/loss":0.092816785,"train/std":0.99696785,"train/value_loss":0.32319385,"rollout/ep_rew_mean":-0.5524463,"_wandb":{"runtime":4},"train/entropy_loss":-1.4175813,"time/fps":97,"train/explained_variance":0.004044473,"rollout/ep_len_mean":3}