{"rollout/ep_len_mean":3,"train/std":0.9786897,"_step":168,"train/value_loss":0.028013572,"_timestamp":1.7429773875339322e+09,"train/explained_variance":0.0052805543,"train/clip_fraction":0.04027778,"train/learning_rate":0.0003,"train/approx_kl":0.010476008,"train/entropy_loss":-1.3990598,"global_step":1152,"train/loss":-0.05607494,"time/fps":111,"train/policy_gradient_loss":-0.03755015,"_runtime":19.838546434,"_wandb":{"runtime":19},"train/clip_range":0.2,"rollout/ep_rew_mean":-0.3136281}