{"train/approx_kl":0.006187767,"train/loss":-0.034010906,"global_step":864,"time/fps":102,"_timestamp":1.7429852399152715e+09,"train/learning_rate":0.0003,"train/std":0.98636466,"train/clip_fraction":0.013888889,"train/policy_gradient_loss":-0.026290981,"_wandb":{"runtime":4},"train/clip_range":0.2,"_runtime":4.531287882,"_step":15,"rollout/ep_rew_mean":-0.42302713,"train/explained_variance":-0.005994439,"rollout/ep_len_mean":3,"train/entropy_loss":-1.4067968,"train/value_loss":0.038159937}