{"train/clip_range":0.2,"global_step":576,"_wandb":{"runtime":15},"train/learning_rate":0.0003,"train/loss":0.084839836,"_timestamp":1.7433677483886206e+09,"train/entropy_loss":-1.4175817,"train/value_loss":0.3088735,"train/approx_kl":0.000580738,"time/fps":170,"_step":15,"train/clip_fraction":0,"rollout/ep_rew_mean":-0.54514825,"train/std":0.9969674,"rollout/ep_len_mean":3,"train/explained_variance":-0.00032103062,"train/policy_gradient_loss":-0.007944478,"_runtime":15.405526496}