{"train/policy_gradient_loss":-0.011643456,"_step":15,"train/clip_fraction":0.0020833334,"_timestamp":1.742996773090108e+09,"train/explained_variance":-0.007713437,"train/loss":-0.006376302,"rollout/ep_len_mean":3,"train/approx_kl":0.0020292236,"train/learning_rate":0.0003,"train/value_loss":0.04518566,"_wandb":{"runtime":4},"_runtime":4.617610353,"train/std":0.99015266,"global_step":576,"rollout/ep_rew_mean":-0.5066569,"time/fps":99,"train/entropy_loss":-1.4110606,"train/clip_range":0.2}