{"_step":15,"train/value_loss":0.03416079,"_timestamp":1.7425742032084186e+09,"train/clip_range":0.2,"train/loss":-0.022090951,"train/policy_gradient_loss":-0.019321457,"train/explained_variance":-0.050478697,"train/std":0.9861138,"train/approx_kl":0.005294351,"_wandb":{"runtime":4},"train/learning_rate":0.0003,"time/fps":105,"global_step":864,"train/entropy_loss":-1.4066312,"rollout/ep_rew_mean":-0.44030613,"_runtime":4.493479293,"rollout/ep_len_mean":3,"train/clip_fraction":0.011111111}