{"train/value_loss":0.32319385,"rollout/ep_len_mean":3,"train/policy_gradient_loss":-0.006686562,"train/loss":0.092816785,"_wandb":{"runtime":4},"train/entropy_loss":-1.4175813,"_runtime":4.589408623,"_step":15,"time/fps":103,"train/learning_rate":0.0003,"train/std":0.99696785,"global_step":288,"train/approx_kl":0.0006327861,"rollout/ep_rew_mean":-0.5524463,"_timestamp":1.7425686478932817e+09,"train/clip_range":0.2,"train/clip_fraction":0,"train/explained_variance":0.004044473}