{"rollout/ep_rew_mean":-0.48138037,"train/clip_fraction":0,"_runtime":7.382672343,"_step":64,"train/learning_rate":0.0003,"train/loss":-0.01550048,"_wandb":{"runtime":7},"rollout/ep_len_mean":3,"train/explained_variance":0.009732485,"train/policy_gradient_loss":-0.016164295,"global_step":576,"_timestamp":1.742573038018014e+09,"train/std":0.9902056,"train/value_loss":0.044671737,"train/clip_range":0.2,"train/entropy_loss":-1.4110795,"time/fps":168,"train/approx_kl":0.0023229932}