{"_wandb":{"runtime":15},"rollout/ep_len_mean":3,"train/clip_fraction":0,"global_step":576,"time/fps":175,"train/policy_gradient_loss":-0.007944478,"rollout/ep_rew_mean":-0.54514825,"train/clip_range":0.2,"train/learning_rate":0.0003,"train/std":0.9969674,"train/explained_variance":-0.00032103062,"_step":15,"train/loss":0.084839836,"train/value_loss":0.3088735,"train/entropy_loss":-1.4175817,"_timestamp":1.7433692496842015e+09,"_runtime":15.335476622,"train/approx_kl":0.000580738}