{"train/approx_kl":0.000580738,"rollout/ep_len_mean":3,"rollout/ep_rew_mean":-0.54514825,"time/fps":176,"train/explained_variance":-0.00032103062,"train/std":0.9969674,"_timestamp":1.7433645411226718e+09,"train/value_loss":0.3088735,"train/learning_rate":0.0003,"train/entropy_loss":-1.4175817,"_runtime":15.238087212,"train/clip_range":0.2,"_wandb":{"runtime":15},"train/policy_gradient_loss":-0.007944478,"train/loss":0.084839836,"global_step":576,"train/clip_fraction":0,"_step":15}