{"train/std":0.99015266,"train/clip_fraction":0.0020833334,"train/value_loss":0.04518566,"rollout/ep_len_mean":3,"_wandb":{"runtime":4},"rollout/ep_rew_mean":-0.5066569,"_timestamp":1.7429956415096266e+09,"train/loss":-0.006376302,"train/explained_variance":-0.007713437,"_runtime":4.679409398,"time/fps":100,"global_step":576,"_step":15,"train/entropy_loss":-1.4110606,"train/approx_kl":0.0020292236,"train/clip_range":0.2,"train/learning_rate":0.0003,"train/policy_gradient_loss":-0.011643456}