{"train/clip_range":0.2,"rollout/ep_len_mean":3,"_timestamp":1.7433657462553055e+09,"train/approx_kl":0.000580738,"train/value_loss":0.3088735,"train/entropy_loss":-1.4175817,"train/policy_gradient_loss":-0.007944478,"train/std":0.9969674,"train/clip_fraction":0,"train/loss":0.084839836,"_wandb":{"runtime":15},"time/fps":174,"train/learning_rate":0.0003,"global_step":576,"_step":15,"_runtime":15.302192465,"rollout/ep_rew_mean":-0.54514825,"train/explained_variance":-0.00032103062}