{"train/clip_fraction":0,"global_step":864,"train/clip_range":0.2,"train/approx_kl":0.0010940273,"train/policy_gradient_loss":-0.010361085,"train/std":0.9937003,"train/loss":0.0142218135,"_wandb":{"runtime":17},"rollout/ep_len_mean":3,"time/fps":162,"train/explained_variance":0.001087606,"train/entropy_loss":-1.4144541,"rollout/ep_rew_mean":-0.5071844,"train/value_loss":0.1238594,"_runtime":17.26305519,"train/learning_rate":0.0003,"_step":28,"_timestamp":1.74336533420129e+09}