{"train/value_loss":0.3088735,"train/approx_kl":0.000580738,"global_step":576,"train/loss":0.084839836,"train/clip_range":0.2,"_runtime":16.445333075,"_step":15,"train/policy_gradient_loss":-0.007944478,"rollout/ep_rew_mean":-0.54514825,"_wandb":{"runtime":16},"train/entropy_loss":-1.4175817,"train/explained_variance":-0.00032103062,"train/clip_fraction":0,"rollout/ep_len_mean":3,"time/fps":135,"_timestamp":1.7433662738838882e+09,"train/learning_rate":0.0003,"train/std":0.9969674}