{"rollout/ep_len_mean":3,"global_step":288,"_timestamp":1.7433208681257186e+09,"_runtime":13.739861174,"_step":2,"rollout/ep_rew_mean":-0.56021994,"time/fps":169,"_wandb":{"runtime":13}}