{"train/clip_fraction":0.058333334,"rollout/ep_rew_mean":-0.28744867,"train/policy_gradient_loss":-0.02921061,"_timestamp":1.7416396861290486e+09,"_runtime":17.286089717,"train/explained_variance":-0.03821385,"train/clip_range":0.2,"train/entropy_loss":-1.4052572,"_wandb":{"runtime":17},"_step":41,"train/learning_rate":0.0003,"time/fps":103,"global_step":1152,"train/loss":-0.039324533,"rollout/ep_len_mean":3,"train/approx_kl":0.014766498,"train/value_loss":0.023610841,"train/std":0.9843804}