{"_step":64,"time/fps":166,"train/std":0.9902056,"train/learning_rate":0.0003,"train/approx_kl":0.0023229932,"train/entropy_loss":-1.4110795,"_timestamp":1.7429783926559017e+09,"_runtime":7.216912466,"rollout/ep_rew_mean":-0.48138037,"train/clip_range":0.2,"train/loss":-0.01550048,"rollout/ep_len_mean":3,"train/clip_fraction":0,"train/explained_variance":0.009732485,"train/value_loss":0.044671737,"_wandb":{"runtime":7},"global_step":576,"train/policy_gradient_loss":-0.016164295}