{"train/clip_fraction":0,"train/std":0.9902107,"train/clip_range":0.2,"train/learning_rate":0.0003,"train/value_loss":0.04485722,"rollout/ep_len_mean":3,"train/loss":-0.0155334305,"train/explained_variance":0.008316219,"_runtime":8.396557561,"train/approx_kl":0.0023243655,"train/entropy_loss":-1.4110814,"_step":64,"global_step":576,"rollout/ep_rew_mean":-0.48141375,"time/fps":103,"_timestamp":1.7429802272105782e+09,"_wandb":{"runtime":8},"train/policy_gradient_loss":-0.01622277}