{"_step":15,"time/fps":93,"train/learning_rate":0.0003,"train/entropy_loss":-1.4110814,"global_step":576,"_timestamp":1.7430002023245966e+09,"train/policy_gradient_loss":-0.01622277,"train/loss":-0.0155334305,"rollout/ep_len_mean":3,"train/clip_range":0.2,"_wandb":{"runtime":4},"train/approx_kl":0.0023243655,"train/std":0.9902107,"rollout/ep_rew_mean":-0.48141375,"train/explained_variance":0.008316219,"train/value_loss":0.04485722,"_runtime":4.867380937,"train/clip_fraction":0}