{"_wandb":{"runtime":22},"train/policy_gradient_loss":-0.032506738,"rollout/ep_rew_mean":-0.22425832,"_timestamp":1.7416467104027e+09,"global_step":1728,"train/std":0.970569,"train/loss":-0.039598156,"train/clip_fraction":0.10763889,"_step":41,"train/clip_range":0.2,"_runtime":22.720740176,"train/learning_rate":0.0003,"train/entropy_loss":-1.3910398,"train/explained_variance":-0.06518388,"train/value_loss":0.01618731,"train/approx_kl":0.02001056,"time/fps":83,"rollout/ep_len_mean":3}