{"_runtime":7.213121478,"train/std":0.9902056,"train/loss":-0.01550048,"train/clip_range":0.2,"train/value_loss":0.044671737,"rollout/ep_len_mean":3,"global_step":576,"_timestamp":1.7425722757639387e+09,"train/clip_fraction":0,"time/fps":168,"_step":64,"train/explained_variance":0.009732485,"train/entropy_loss":-1.4110795,"_wandb":{"runtime":7},"train/learning_rate":0.0003,"train/approx_kl":0.0023229932,"train/policy_gradient_loss":-0.016164295,"rollout/ep_rew_mean":-0.48138037}