{"_wandb":{"runtime":4},"train/approx_kl":0.0023243655,"_timestamp":1.7430001206963422e+09,"train/loss":-0.0155334305,"train/entropy_loss":-1.4110814,"train/clip_fraction":0,"rollout/ep_len_mean":3,"_step":15,"train/std":0.9902107,"train/learning_rate":0.0003,"train/explained_variance":0.008316219,"train/clip_range":0.2,"train/value_loss":0.04485722,"_runtime":4.672968817,"rollout/ep_rew_mean":-0.48141375,"global_step":576,"train/policy_gradient_loss":-0.01622277,"time/fps":98}