{"global_step":576,"rollout/ep_len_mean":3,"train/loss":-0.017861195,"_timestamp":1.7415583921466672e+09,"train/clip_fraction":0.0013888889,"time/fps":97,"train/policy_gradient_loss":-0.0161663,"train/learning_rate":0.0003,"rollout/ep_rew_mean":-0.41647863,"train/clip_range":0.2,"train/value_loss":0.035299323,"_wandb":{"runtime":17},"_step":41,"_runtime":17.526224882,"train/approx_kl":0.002290364,"train/std":0.996974,"train/entropy_loss":-1.4177678,"train/explained_variance":-0.038084745}