{"train/loss":-0.024467407,"rollout/ep_rew_mean":-0.40230426,"rollout/ep_len_mean":3,"time/fps":103,"train/policy_gradient_loss":-0.018390225,"_runtime":17.166888287,"train/clip_range":0.2,"train/entropy_loss":-1.4114676,"_wandb":{"runtime":17},"train/explained_variance":0.0063223243,"train/approx_kl":0.0032429046,"train/learning_rate":0.0003,"global_step":576,"train/std":0.9911086,"_step":41,"train/value_loss":0.027556155,"_timestamp":1.7415568226708875e+09,"train/clip_fraction":0}