{"train/approx_kl":0.0020292236,"_timestamp":1.7425516952146306e+09,"_step":15,"train/policy_gradient_loss":-0.011643456,"train/std":0.99015266,"_wandb":{"runtime":4},"_runtime":4.6316091,"train/learning_rate":0.0003,"train/clip_fraction":0.0020833334,"rollout/ep_len_mean":3,"global_step":576,"train/loss":-0.006376302,"train/entropy_loss":-1.4110606,"train/explained_variance":-0.007713437,"train/value_loss":0.04518566,"time/fps":102,"train/clip_range":0.2,"rollout/ep_rew_mean":-0.5066569}