{"_wandb":{"runtime":4},"train/clip_range":0.2,"rollout/ep_rew_mean":-0.5524463,"_step":15,"train/loss":0.092816785,"train/learning_rate":0.0003,"_runtime":4.677004367,"time/fps":100,"rollout/ep_len_mean":3,"train/std":0.99696785,"train/policy_gradient_loss":-0.006686562,"train/approx_kl":0.0006327861,"train/entropy_loss":-1.4175813,"_timestamp":1.7429825298731878e+09,"train/clip_fraction":0,"train/explained_variance":0.004044473,"train/value_loss":0.32319385,"global_step":288}