{"_timestamp":1.7429781275307372e+09,"rollout/ep_rew_mean":-0.48141375,"train/policy_gradient_loss":-0.01622277,"train/clip_fraction":0,"train/std":0.9902107,"train/approx_kl":0.0023243655,"rollout/ep_len_mean":3,"train/value_loss":0.04485722,"_step":15,"global_step":576,"time/fps":102,"_runtime":4.644850059,"train/learning_rate":0.0003,"train/loss":-0.0155334305,"train/entropy_loss":-1.4110814,"train/explained_variance":0.008316219,"_wandb":{"runtime":4},"train/clip_range":0.2}