{"_runtime":4.644575963,"train/learning_rate":0.0003,"train/explained_variance":0.004044473,"rollout/ep_len_mean":3,"time/fps":104,"rollout/ep_rew_mean":-0.5524463,"train/entropy_loss":-1.4175813,"train/loss":0.092816785,"train/value_loss":0.32319385,"train/approx_kl":0.0006327861,"train/clip_fraction":0,"train/policy_gradient_loss":-0.006686562,"train/clip_range":0.2,"_timestamp":1.742978723750431e+09,"train/std":0.99696785,"_step":15,"_wandb":{"runtime":4},"global_step":288}