{"train/value_loss":0.03416079,"rollout/ep_len_mean":3,"train/loss":-0.022090951,"train/explained_variance":-0.050478697,"train/learning_rate":0.0003,"time/fps":100,"_runtime":4.660563911,"train/clip_range":0.2,"_wandb":{"runtime":4},"train/std":0.9861138,"rollout/ep_rew_mean":-0.44030613,"train/clip_fraction":0.011111111,"train/entropy_loss":-1.4066312,"train/approx_kl":0.005294351,"global_step":864,"train/policy_gradient_loss":-0.019321457,"_step":15,"_timestamp":1.7425741481231112e+09}