{"_timestamp":1.7415552191919465e+09,"train/entropy_loss":-1.4175806,"train/clip_fraction":0,"global_step":576,"rollout/ep_rew_mean":-0.5603918,"rollout/ep_len_mean":3,"time/fps":153,"_runtime":15.398052519,"train/clip_range":0.2,"train/policy_gradient_loss":-0.0065828986,"train/std":0.99696875,"train/explained_variance":-0.019357324,"train/learning_rate":0.0003,"train/approx_kl":0.00059474114,"_wandb":{"runtime":15},"_step":15,"train/value_loss":0.05427992,"train/loss":0.005302379}