{"global_step":576,"_timestamp":1.7429823646051326e+09,"_wandb":{"runtime":8},"train/learning_rate":0.0003,"_runtime":8.371396355,"time/fps":105,"train/clip_fraction":0,"train/loss":-0.0155334305,"rollout/ep_rew_mean":-0.48141375,"train/explained_variance":0.008316219,"train/clip_range":0.2,"_step":64,"train/std":0.9902107,"train/approx_kl":0.0023243655,"train/entropy_loss":-1.4110814,"train/policy_gradient_loss":-0.01622277,"train/value_loss":0.04485722,"rollout/ep_len_mean":3}