{"train/clip_range":0.2,"train/std":0.9969674,"train/entropy_loss":-1.4175817,"train/learning_rate":0.0003,"train/loss":0.084839836,"_runtime":15.566584906,"_step":15,"train/value_loss":0.3088735,"rollout/ep_len_mean":3,"train/clip_fraction":0,"rollout/ep_rew_mean":-0.54514825,"global_step":576,"time/fps":167,"_wandb":{"runtime":15},"_timestamp":1.7433678240144825e+09,"train/policy_gradient_loss":-0.007944478,"train/explained_variance":-0.00032103062,"train/approx_kl":0.000580738}