{"_step":15,"train/loss":0.092816785,"_runtime":4.564605476,"train/explained_variance":0.004044473,"train/clip_range":0.2,"rollout/ep_rew_mean":-0.5524463,"train/policy_gradient_loss":-0.006686562,"train/approx_kl":0.0006327861,"_wandb":{"runtime":4},"train/learning_rate":0.0003,"time/fps":103,"train/clip_fraction":0,"train/value_loss":0.32319385,"global_step":288,"_timestamp":1.7429801227449617e+09,"train/entropy_loss":-1.4175813,"rollout/ep_len_mean":3,"train/std":0.99696785}