{"rollout/ep_len_mean":3,"rollout/ep_rew_mean":-0.56021994,"time/fps":174,"_wandb":{"runtime":14},"global_step":288,"_timestamp":1.7432639084249218e+09,"_runtime":14.117407314,"_step":2}