{"time/fps":153,"_wandb":{"runtime":13},"rollout/ep_len_mean":3,"global_step":288,"_timestamp":1.7415551426632903e+09,"_runtime":13.692235028,"_step":2,"rollout/ep_rew_mean":-0.44419444}