{"train/loss":0.092816785,"train/clip_fraction":0,"train/value_loss":0.32319385,"_wandb":{"runtime":4},"rollout/ep_len_mean":3,"rollout/ep_rew_mean":-0.5524463,"time/fps":104,"train/approx_kl":0.0006327861,"train/learning_rate":0.0003,"_step":15,"global_step":288,"_timestamp":1.7425724099124117e+09,"train/clip_range":0.2,"_runtime":4.506964729,"train/entropy_loss":-1.4175813,"train/policy_gradient_loss":-0.006686562,"train/explained_variance":0.004044473,"train/std":0.99696785}