{"train/explained_variance":-0.005994439,"train/learning_rate":0.0003,"train/std":0.98636466,"train/clip_range":0.2,"rollout/ep_len_mean":3,"_wandb":{"runtime":4},"train/approx_kl":0.006187767,"rollout/ep_rew_mean":-0.42302713,"train/value_loss":0.038159937,"_runtime":4.912656772,"train/loss":-0.034010906,"train/entropy_loss":-1.4067968,"train/policy_gradient_loss":-0.026290981,"global_step":864,"time/fps":93,"_step":15,"train/clip_fraction":0.013888889,"_timestamp":1.7429993818085687e+09}