{"train/std":0.99697167,"rollout/ep_len_mean":3,"_runtime":15.427582914,"global_step":576,"_step":15,"rollout/ep_rew_mean":-0.47370702,"train/approx_kl":0.0010503775,"train/clip_fraction":0,"train/policy_gradient_loss":-0.011813606,"train/entropy_loss":-1.4175818,"train/loss":0.13668478,"_wandb":{"runtime":15},"_timestamp":1.741556560124157e+09,"train/learning_rate":0.0003,"time/fps":151,"train/clip_range":0.2,"train/explained_variance":-0.044447064,"train/value_loss":0.5115272}