{"train/policy_gradient_loss":-0.007944478,"train/learning_rate":0.0003,"rollout/ep_len_mean":3,"rollout/ep_rew_mean":-0.54514825,"_timestamp":1.7433639201290715e+09,"time/fps":177,"train/std":0.9969674,"_runtime":15.278373645,"global_step":576,"train/entropy_loss":-1.4175817,"_wandb":{"runtime":15},"train/loss":0.084839836,"train/clip_range":0.2,"train/clip_fraction":0,"train/value_loss":0.3088735,"train/explained_variance":-0.00032103062,"train/approx_kl":0.000580738,"_step":15}