{"time/fps":99,"_runtime":4.740114398,"train/clip_fraction":0,"train/entropy_loss":-1.4110814,"rollout/ep_len_mean":3,"train/policy_gradient_loss":-0.01622277,"train/clip_range":0.2,"train/approx_kl":0.0023243655,"global_step":576,"train/std":0.9902107,"_wandb":{"runtime":4},"_timestamp":1.7429990253642926e+09,"train/learning_rate":0.0003,"train/loss":-0.0155334305,"_step":15,"train/value_loss":0.04485722,"train/explained_variance":0.008316219,"rollout/ep_rew_mean":-0.48141375}