{"rollout/ep_len_mean":3,"global_step":288,"_timestamp":1.743266247617863e+09,"_runtime":13.541742947,"_step":2,"rollout/ep_rew_mean":-0.56021994,"time/fps":182,"_wandb":{"runtime":13}}