{"train/clip_fraction":0,"train/std":0.99696785,"train/loss":0.092816785,"_wandb":{"runtime":4},"train/approx_kl":0.0006327861,"train/value_loss":0.32319385,"train/policy_gradient_loss":-0.006686562,"train/learning_rate":0.0003,"rollout/ep_len_mean":3,"global_step":288,"_timestamp":1.7429954922230296e+09,"_step":15,"time/fps":100,"train/entropy_loss":-1.4175813,"train/explained_variance":0.004044473,"_runtime":4.665432073,"rollout/ep_rew_mean":-0.5524463,"train/clip_range":0.2}