{"_runtime":13.649318819,"_step":2,"rollout/ep_len_mean":3,"rollout/ep_rew_mean":-0.56021994,"time/fps":168,"_wandb":{"runtime":13},"global_step":288,"_timestamp":1.74326759142364e+09}