{"_timestamp":1.7433265639599864e+09,"_runtime":13.705930097,"_step":2,"rollout/ep_rew_mean":-0.56021994,"time/fps":185,"_wandb":{"runtime":13},"rollout/ep_len_mean":3,"global_step":288}