{"train/value_loss":0.04485722,"train/policy_gradient_loss":-0.01622277,"rollout/ep_rew_mean":-0.48141375,"train/approx_kl":0.0023243655,"_step":15,"global_step":576,"train/clip_fraction":0,"_timestamp":1.7429999359735215e+09,"time/fps":99,"train/learning_rate":0.0003,"_wandb":{"runtime":4},"train/clip_range":0.2,"train/explained_variance":0.008316219,"train/std":0.9902107,"rollout/ep_len_mean":3,"train/loss":-0.0155334305,"_runtime":4.650677154,"train/entropy_loss":-1.4110814}