{"train/policy_gradient_loss":-0.019321457,"train/std":0.9861138,"_timestamp":1.7430048300051007e+09,"rollout/ep_rew_mean":-0.44030613,"train/entropy_loss":-1.4066312,"train/value_loss":0.03416079,"train/loss":-0.022090951,"train/explained_variance":-0.050478697,"global_step":864,"train/clip_fraction":0.011111111,"_wandb":{"runtime":4},"time/fps":94,"_runtime":4.825493722,"train/approx_kl":0.005294351,"train/clip_range":0.2,"_step":15,"train/learning_rate":0.0003,"rollout/ep_len_mean":3}