{"train/learning_rate":0.0003,"train/clip_range":0.2,"global_step":576,"_runtime":4.570910195,"train/value_loss":0.04485722,"_step":15,"rollout/ep_len_mean":3,"rollout/ep_rew_mean":-0.48141375,"train/loss":-0.0155334305,"train/policy_gradient_loss":-0.01622277,"time/fps":103,"train/approx_kl":0.0023243655,"train/clip_fraction":0,"train/std":0.9902107,"_wandb":{"runtime":4},"train/entropy_loss":-1.4110814,"_timestamp":1.7425727749447384e+09,"train/explained_variance":0.008316219}