{"_runtime":5.953517836,"global_step":432,"train/value_loss":0.042904317,"train/loss":-0.03792151,"train/std":0.9923377,"time/fps":104,"train/learning_rate":0.0003,"train/clip_range":0.2,"rollout/ep_len_mean":3,"train/explained_variance":-0.012504101,"_wandb":{"runtime":5},"_step":28,"_timestamp":1.742507411075604e+09,"train/clip_fraction":0.03888889,"train/entropy_loss":-1.41367,"rollout/ep_rew_mean":-0.4843603,"train/approx_kl":0.00991367,"train/policy_gradient_loss":-0.031474877}