{"train/clip_range":0.2,"train/loss":0.084839836,"time/fps":172,"train/approx_kl":0.000580738,"global_step":576,"train/std":0.9969674,"train/learning_rate":0.0003,"train/value_loss":0.3088735,"_timestamp":1.7433675467961566e+09,"train/policy_gradient_loss":-0.007944478,"train/clip_fraction":0,"rollout/ep_rew_mean":-0.54514825,"_runtime":15.273787671000001,"train/explained_variance":-0.00032103062,"_wandb":{"runtime":15},"train/entropy_loss":-1.4175817,"rollout/ep_len_mean":3,"_step":15}