{"train/policy_gradient_loss":-0.0121193575,"_step":15,"train/learning_rate":0.0003,"_wandb":{"runtime":15},"_runtime":15.437348968,"train/explained_variance":-0.00052666664,"train/loss":0.030806804,"global_step":576,"rollout/ep_len_mean":3,"train/approx_kl":0.0012261511,"time/fps":150,"train/value_loss":0.22509716,"_timestamp":1.741555285125868e+09,"train/entropy_loss":-1.4175812,"train/clip_range":0.2,"train/std":0.9969693,"rollout/ep_rew_mean":-0.5207951,"train/clip_fraction":0}