{"train/clip_range":0.2,"_timestamp":1.7433655963992138e+09,"rollout/ep_len_mean":3,"global_step":864,"train/approx_kl":0.0010940271,"train/clip_fraction":0,"train/learning_rate":0.0003,"train/entropy_loss":-1.4144541,"_runtime":17.158413976,"_step":28,"rollout/ep_rew_mean":-0.5071844,"train/value_loss":0.12385939,"train/policy_gradient_loss":-0.01036106,"_wandb":{"runtime":17},"train/explained_variance":0.001087606,"train/loss":0.014221959,"train/std":0.9937003,"time/fps":167}