{"train/entropy_loss":-1.4187827,"train/value_loss":0.029745502,"rollout/ep_len_mean":3,"rollout/ep_rew_mean":-0.47818437,"train/clip_fraction":0.0048611113,"train/std":0.9980308,"train/policy_gradient_loss":-0.018298553,"time/fps":100,"train/learning_rate":0.0003,"train/explained_variance":-0.0043849945,"_step":41,"train/approx_kl":0.004195867,"train/clip_range":0.2,"_timestamp":1.741596862271781e+09,"_runtime":17.456511003,"_wandb":{"runtime":17},"global_step":576,"train/loss":-0.022167042}