{"train/entropy_loss":-1.4110795,"global_step":576,"train/explained_variance":0.009732485,"train/value_loss":0.044671737,"_wandb":{"runtime":7},"train/loss":-0.01550048,"rollout/ep_rew_mean":-0.48138037,"rollout/ep_len_mean":3,"train/clip_range":0.2,"train/clip_fraction":0,"train/learning_rate":0.0003,"_timestamp":1.7429782734178858e+09,"train/policy_gradient_loss":-0.016164295,"train/std":0.9902056,"time/fps":163,"train/approx_kl":0.0023229932,"_runtime":7.241757948,"_step":64}