{"rollout/ep_rew_mean":-0.48141375,"_timestamp":1.7429989046078742e+09,"train/explained_variance":0.008316219,"train/policy_gradient_loss":-0.01622277,"train/clip_fraction":0,"train/learning_rate":0.0003,"train/approx_kl":0.0023243655,"time/fps":98,"train/loss":-0.0155334305,"rollout/ep_len_mean":3,"global_step":576,"train/std":0.9902107,"train/entropy_loss":-1.4110814,"_wandb":{"runtime":4},"_runtime":4.7771438889999995,"_step":15,"train/clip_range":0.2,"train/value_loss":0.04485722}