{"train/clip_fraction":0.0020833334,"train/clip_range":0.2,"train/approx_kl":0.0020292236,"_wandb":{"runtime":4},"rollout/ep_rew_mean":-0.5066569,"_step":15,"time/fps":104,"train/value_loss":0.04518566,"_timestamp":1.7425467159006264e+09,"train/std":0.99015266,"train/entropy_loss":-1.4110606,"train/learning_rate":0.0003,"rollout/ep_len_mean":3,"global_step":576,"train/explained_variance":-0.007713437,"train/loss":-0.006376302,"train/policy_gradient_loss":-0.011643456,"_runtime":4.527714909}