{"train/entropy_loss":-1.4175817,"train/std":0.9969674,"global_step":576,"train/clip_range":0.2,"train/value_loss":0.3088735,"train/learning_rate":0.0003,"_timestamp":1.7433642841561544e+09,"train/policy_gradient_loss":-0.007944478,"_wandb":{"runtime":15},"train/approx_kl":0.000580738,"rollout/ep_rew_mean":-0.54514825,"rollout/ep_len_mean":3,"time/fps":170,"train/explained_variance":-0.00032103062,"_runtime":15.428734235,"train/loss":0.084839836,"train/clip_fraction":0,"_step":15}