{"train/std":0.9902107,"_runtime":4.796115592,"train/entropy_loss":-1.4110814,"train/learning_rate":0.0003,"train/value_loss":0.04485722,"time/fps":101,"train/explained_variance":0.008316219,"train/clip_fraction":0,"_timestamp":1.7429790464365664e+09,"train/loss":-0.0155334305,"train/approx_kl":0.0023243655,"rollout/ep_rew_mean":-0.48141375,"rollout/ep_len_mean":3,"_step":15,"train/policy_gradient_loss":-0.01622277,"train/clip_range":0.2,"global_step":576,"_wandb":{"runtime":4}}