{"_runtime":13.878364437,"_step":2,"rollout/ep_rew_mean":-0.56021994,"time/fps":159,"_wandb":{"runtime":13},"rollout/ep_len_mean":3,"global_step":288,"_timestamp":1.7433200419052534e+09}