{"train/clip_range":0.2,"train/policy_gradient_loss":-0.01622277,"train/clip_fraction":0,"train/std":0.9902107,"_wandb":{"runtime":4},"rollout/ep_rew_mean":-0.48141375,"train/learning_rate":0.0003,"train/entropy_loss":-1.4110814,"train/loss":-0.0155334305,"train/approx_kl":0.0023243655,"_step":15,"train/explained_variance":0.008316219,"_runtime":4.495815094,"rollout/ep_len_mean":3,"global_step":576,"_timestamp":1.7429806319447212e+09,"time/fps":104,"train/value_loss":0.04485722}