{"_step":2,"rollout/ep_len_mean":3,"global_step":288,"_timestamp":1.7433203621350238e+09,"rollout/ep_rew_mean":-0.56021994,"time/fps":173,"_wandb":{"runtime":13},"_runtime":13.67918684}