{"_timestamp":1.7425515784226558e+09,"train/std":0.9901456,"_wandb":{"runtime":7},"global_step":576,"train/entropy_loss":-1.4110618,"train/policy_gradient_loss":-0.01454725,"train/value_loss":0.04410098,"train/loss":-0.011218322,"train/clip_fraction":0,"_runtime":7.333551061,"train/explained_variance":-0.0018101931,"train/learning_rate":0.0003,"rollout/ep_rew_mean":-0.5061432,"train/approx_kl":0.0017907715,"train/clip_range":0.2,"rollout/ep_len_mean":3,"_step":41,"time/fps":104}