{"time/fps":168,"train/entropy_loss":-1.4110795,"train/learning_rate":0.0003,"train/approx_kl":0.0023229932,"_wandb":{"runtime":7},"global_step":576,"train/clip_range":0.2,"train/std":0.9902056,"train/policy_gradient_loss":-0.016164295,"train/loss":-0.01550048,"rollout/ep_rew_mean":-0.48138037,"train/value_loss":0.044671737,"train/explained_variance":0.009732485,"_step":64,"train/clip_fraction":0,"rollout/ep_len_mean":3,"_timestamp":1.7425722287263381e+09,"_runtime":7.178791887}