{"train/approx_kl":0.000580738,"train/explained_variance":-0.00032103062,"_wandb":{"runtime":16},"train/entropy_loss":-1.4175817,"train/learning_rate":0.0003,"train/std":0.9969674,"rollout/ep_len_mean":3,"_timestamp":1.7433662185259597e+09,"train/policy_gradient_loss":-0.007944478,"_step":15,"_runtime":16.215207909,"train/loss":0.084839836,"train/clip_range":0.2,"train/value_loss":0.3088735,"global_step":576,"time/fps":139,"rollout/ep_rew_mean":-0.54514825,"train/clip_fraction":0}