{"train/loss":-0.020375172,"train/explained_variance":-0.035372496,"train/std":1.0008608,"train/learning_rate":0.0003,"rollout/ep_len_mean":3,"global_step":576,"time/fps":99,"_timestamp":1.741557121711691e+09,"train/clip_fraction":0,"train/entropy_loss":-1.4209198,"_wandb":{"runtime":17},"train/value_loss":0.036848325,"train/policy_gradient_loss":-0.017112805,"_step":41,"rollout/ep_rew_mean":-0.40186498,"train/approx_kl":0.002541425,"train/clip_range":0.2,"_runtime":17.425450469}