{"rollout/ep_len_mean":3,"_timestamp":1.7415557652501972e+09,"train/entropy_loss":-1.4052203,"train/clip_range":0.2,"_runtime":15.456918116,"_step":15,"train/explained_variance":-0.03363359,"train/approx_kl":0.0069456007,"train/policy_gradient_loss":-0.022610148,"train/loss":-0.031231508,"time/fps":156,"rollout/ep_rew_mean":-0.3983885,"train/clip_fraction":0.019791666,"global_step":1728,"train/value_loss":0.026606066,"train/learning_rate":0.0003,"train/std":0.98444664,"_wandb":{"runtime":15}}