{"train/approx_kl":0.0020292236,"train/std":0.99015266,"train/clip_fraction":0.0020833334,"rollout/ep_rew_mean":-0.5066569,"_step":15,"train/explained_variance":-0.007713437,"train/learning_rate":0.0003,"_runtime":4.612349378,"_timestamp":1.7429792194519577e+09,"rollout/ep_len_mean":3,"_wandb":{"runtime":4},"train/value_loss":0.04518566,"global_step":576,"time/fps":103,"train/policy_gradient_loss":-0.011643456,"train/clip_range":0.2,"train/loss":-0.006376302,"train/entropy_loss":-1.4110606}