{"train/explained_variance":0.004044473,"train/value_loss":0.32319385,"train/learning_rate":0.0003,"_step":15,"train/approx_kl":0.0006327861,"global_step":288,"train/loss":0.092816785,"rollout/ep_len_mean":3,"train/std":0.99696785,"train/clip_fraction":0,"_runtime":5.092433083,"rollout/ep_rew_mean":-0.5524463,"train/entropy_loss":-1.4175813,"train/policy_gradient_loss":-0.006686562,"_timestamp":1.7425715210819738e+09,"train/clip_range":0.2,"time/fps":104,"_wandb":{"runtime":5}}