{"train/std":0.9901456,"train/learning_rate":0.0003,"time/fps":101,"global_step":576,"train/clip_fraction":0,"_timestamp":1.7429953951442869e+09,"train/policy_gradient_loss":-0.01454725,"_step":64,"_wandb":{"runtime":8},"train/explained_variance":-0.0018101931,"_runtime":8.802801923,"rollout/ep_len_mean":3,"train/approx_kl":0.0017907715,"train/clip_range":0.2,"train/entropy_loss":-1.4110618,"rollout/ep_rew_mean":-0.5061432,"train/loss":-0.011218322,"train/value_loss":0.04410098}