{"_runtime":4.246432842,"_step":2,"rollout/ep_rew_mean":-0.56021994,"time/fps":118,"_wandb":{"runtime":4},"rollout/ep_len_mean":3,"global_step":288,"_timestamp":1.7430085910149066e+09}