{"train/entropy_loss":-1.4175813,"train/approx_kl":0.0006327861,"time/fps":99,"train/std":0.99696785,"_wandb":{"runtime":4},"rollout/ep_len_mean":3,"_timestamp":1.7429780376669962e+09,"train/loss":0.092816785,"train/learning_rate":0.0003,"_step":15,"train/value_loss":0.32319385,"rollout/ep_rew_mean":-0.5524463,"train/clip_range":0.2,"global_step":288,"train/explained_variance":0.004044473,"_runtime":4.632266441,"train/clip_fraction":0,"train/policy_gradient_loss":-0.006686562}