{"_runtime":4.864245172,"train/loss":-0.0155334305,"rollout/ep_rew_mean":-0.48141375,"train/clip_fraction":0,"rollout/ep_len_mean":3,"global_step":576,"time/fps":95,"train/learning_rate":0.0003,"train/explained_variance":0.008316219,"_timestamp":1.7430003362743154e+09,"train/value_loss":0.04485722,"train/approx_kl":0.0023243655,"train/clip_range":0.2,"train/std":0.9902107,"_step":15,"train/entropy_loss":-1.4110814,"_wandb":{"runtime":4},"train/policy_gradient_loss":-0.01622277}