{"train/clip_range":0.2,"train/explained_variance":0.005734861,"global_step":432,"train/approx_kl":0.000904106,"train/learning_rate":0.0003,"train/value_loss":0.115113825,"time/fps":104,"train/policy_gradient_loss":-0.010799797,"train/loss":0.010530015,"train/std":0.99374086,"_timestamp":1.742506639035525e+09,"rollout/ep_rew_mean":-0.5253164,"train/clip_fraction":0,"_wandb":{"runtime":5},"_step":28,"rollout/ep_len_mean":3,"train/entropy_loss":-1.414464,"_runtime":5.949841295}