{"train/learning_rate":0.0003,"train/clip_fraction":0,"train/value_loss":0.04485722,"time/fps":100,"_timestamp":1.7429960490373018e+09,"_step":64,"train/explained_variance":0.008316219,"_runtime":8.504240937,"global_step":576,"train/approx_kl":0.0023243655,"train/std":0.9902107,"train/loss":-0.0155334305,"rollout/ep_rew_mean":-0.48141375,"rollout/ep_len_mean":3,"train/entropy_loss":-1.4110814,"train/clip_range":0.2,"train/policy_gradient_loss":-0.01622277,"_wandb":{"runtime":8}}