{"train/policy_gradient_loss":-0.01036106,"train/std":0.9937003,"train/clip_range":0.2,"time/fps":176,"_runtime":16.826754311,"train/value_loss":0.12385939,"train/learning_rate":0.0003,"train/entropy_loss":-1.4144541,"_wandb":{"runtime":16},"rollout/ep_rew_mean":-0.5071844,"train/clip_fraction":0,"_step":28,"train/approx_kl":0.0010940271,"_timestamp":1.7433646008696642e+09,"global_step":864,"train/loss":0.014221959,"train/explained_variance":0.001087606,"rollout/ep_len_mean":3}